id,email,age,date-of-birth
2a6eba52-4de8-4acc-bb94-8df0e297dfb0,emma.johnson@political.com,34,21-04-1990
726de9e2-3d44-4d61-bdb3-b707924eb3d8,michael.smith@test.com,28,15-09-1995
28c90e75-2e36-4196-bdc2-09e8e3e2eb1e,olivia.brown@test.com,41,02-02-1983
7abf3844-bdc2-42e4-b347-255df1c2faf,liam.jones@online-pharmacy.com,22,30-08-2001
a4affa04-f82b-4e85-b28d-9b645d3e444c,ava.miller@political.com,36,08-11-1987
1c06bc89-fbc3-49eb-a898-2c8260e69318,william.davis@test.com,31,19-05-1993
2fc63f3c-97e5-4007-bc39-ec2674fa7d64,emma.garcia@online-pharmacy.com,45,12-12-1978
d700cb81-4cb6-4aaf-9505-222780e7fd2,noah.martinez@website.com,27,25.01.1997
aa398c18-54d7-4bd7-828d-42f5338d29a0,amelia.rodriguez@political.com,29,07-07-1995
6fce2769-528-4108-a7f5-9aad6c7c121d,james.lopez@test.com,33,14-03-199
f15ca1ef-1e60-479-bb80-49016015bca1,ava.gonzalez@online-pharmacy.com,39,06-06-1985
6b7eabe9-cf74-4e09-9a2e-cb4dee09cc72,benjamin.wilson@test.com,21,09-10-2003
00b6978b-2288-403e-8cb7-8776ccf01591,sophia.anderson@test.com,48,03-03-1976
2443cfea-63a5-4156-96d9-29b7f00cb3ea,elijah.thomas@website.com,26,27-07-1998
91b541c6-f643-483-afd7-cdc45d33f0b0,logan.taylor@political.com,35,22.12.1988
8ff6e864-5eec-4061-92e9-b75c1dc220bb,ava.moore@test.com,30,18-01-1994
b00d2c8d-8bc9-4df7-a3ef-6bd6deb2a2dd,mia.jackson@test.com,25,11-05-1999
4fc19bcb-1862-4605-ae0d-c6b6e0dadc92,lucas.martin@online-pharmacy.com,37,29-09-1986
e36a1f35-67df-4bdc-9cda-93c9a2237799,harper.lee@political.com,44,16-04-1980
d1e4f2a2-5b6e-4c31-8bc1-3ee6729c3abc,henry.white@test.com,32,05-08-1992

